{
  "domain_length": {
    "benign": {
      "mean": 12.848695,
      "std": 3.996372,
      "min": 4.0,
      "max": 75.0,
      "p5": 7.0,
      "p25": 10.0,
      "p50": 12.0,
      "p75": 15.0,
      "p95": 20.0
    },
    "dga": {
      "mean": 18.240067,
      "std": 6.37343,
      "min": 6.0,
      "max": 50.0,
      "p5": 10.0,
      "p25": 14.0,
      "p50": 17.0,
      "p75": 21.0,
      "p95": 30.0
    },
    "diff_mean": 5.391372,
    "direction": "DGA更高",
    "sep_score": 1.0398
  },
  "sld_length": {
    "benign": {
      "mean": 8.271135,
      "std": 4.117788,
      "min": 1.0,
      "max": 63.0,
      "p5": 3.0,
      "p25": 5.0,
      "p50": 8.0,
      "p75": 11.0,
      "p95": 16.0
    },
    "dga": {
      "mean": 13.417192,
      "std": 6.636518,
      "min": 2.0,
      "max": 45.0,
      "p5": 4.0,
      "p25": 9.0,
      "p50": 12.0,
      "p75": 16.0,
      "p95": 26.0
    },
    "diff_mean": 5.146057,
    "direction": "DGA更高",
    "sep_score": 0.957
  },
  "digit_ratio": {
    "benign": {
      "mean": 0.02594,
      "std": 0.104503,
      "min": 0.0,
      "max": 1.0,
      "p5": 0.0,
      "p25": 0.0,
      "p50": 0.0,
      "p75": 0.0,
      "p95": 0.2
    },
    "dga": {
      "mean": 0.076182,
      "std": 0.171683,
      "min": 0.0,
      "max": 1.0,
      "p5": 0.0,
      "p25": 0.0,
      "p50": 0.0,
      "p75": 0.0,
      "p95": 0.5
    },
    "diff_mean": 0.050242,
    "direction": "DGA更高",
    "sep_score": 0.3638
  },
  "vowel_ratio": {
    "benign": {
      "mean": 0.348513,
      "std": 0.138737,
      "min": 0.0,
      "max": 1.0,
      "p5": 0.0,
      "p25": 0.285714,
      "p50": 0.333333,
      "p75": 0.428571,
      "p95": 0.545455
    },
    "dga": {
      "mean": 0.244417,
      "std": 0.15906,
      "min": 0.0,
      "max": 1.0,
      "p5": 0.0,
      "p25": 0.125,
      "p50": 0.230769,
      "p75": 0.346154,
      "p95": 0.5
    },
    "diff_mean": -0.104096,
    "direction": "良性更高",
    "sep_score": 0.6991
  },
  "consonant_ratio": {
    "benign": {
      "mean": 0.617116,
      "std": 0.141652,
      "min": 0.0,
      "max": 1.0,
      "p5": 0.4,
      "p25": 0.533333,
      "p50": 0.625,
      "p75": 0.666667,
      "p95": 0.833333
    },
    "dga": {
      "mean": 0.677795,
      "std": 0.196976,
      "min": 0.0,
      "max": 1.0,
      "p5": 0.3,
      "p25": 0.555556,
      "p50": 0.692308,
      "p75": 0.833333,
      "p95": 1.0
    },
    "diff_mean": 0.060679,
    "direction": "DGA更高",
    "sep_score": 0.3584
  },
  "unique_char_ratio": {
    "benign": {
      "mean": 0.850878,
      "std": 0.137441,
      "min": 0.064516,
      "max": 1.0,
      "p5": 0.611111,
      "p25": 0.75,
      "p50": 0.857143,
      "p75": 1.0,
      "p95": 1.0
    },
    "dga": {
      "mean": 0.765881,
      "std": 0.144006,
      "min": 0.325,
      "max": 1.0,
      "p5": 0.526316,
      "p25": 0.666667,
      "p50": 0.75,
      "p75": 0.875,
      "p95": 1.0
    },
    "diff_mean": -0.084997,
    "direction": "良性更高",
    "sep_score": 0.604
  },
  "normalized_entropy": {
    "benign": {
      "mean": 0.900906,
      "std": 0.099178,
      "min": -0.0,
      "max": 1.007611,
      "p5": 0.742098,
      "p25": 0.833333,
      "p50": 0.907019,
      "p75": 1.0,
      "p95": 1.0
    },
    "dga": {
      "mean": 0.86262,
      "std": 0.096192,
      "min": 0.405639,
      "max": 1.0,
      "p5": 0.721057,
      "p25": 0.814038,
      "p50": 0.863205,
      "p75": 0.924957,
      "p95": 1.0
    },
    "diff_mean": -0.038286,
    "direction": "良性更高",
    "sep_score": 0.3919
  },
  "max_consonant_run": {
    "benign": {
      "mean": 2.316125,
      "std": 1.121468,
      "min": 0.0,
      "max": 21.0,
      "p5": 1.0,
      "p25": 2.0,
      "p50": 2.0,
      "p75": 3.0,
      "p95": 4.0
    },
    "dga": {
      "mean": 4.713988,
      "std": 3.209579,
      "min": 0.0,
      "max": 27.0,
      "p5": 1.0,
      "p25": 2.0,
      "p50": 4.0,
      "p75": 6.0,
      "p95": 11.0
    },
    "diff_mean": 2.397863,
    "direction": "DGA更高",
    "sep_score": 1.1073
  },
  "max_digit_run": {
    "benign": {
      "mean": 0.17403,
      "std": 0.689336,
      "min": 0.0,
      "max": 14.0,
      "p5": 0.0,
      "p25": 0.0,
      "p50": 0.0,
      "p75": 0.0,
      "p95": 2.0
    },
    "dga": {
      "mean": 0.531892,
      "std": 1.298445,
      "min": 0.0,
      "max": 17.0,
      "p5": 0.0,
      "p25": 0.0,
      "p50": 0.0,
      "p75": 0.0,
      "p95": 3.0
    },
    "diff_mean": 0.357862,
    "direction": "DGA更高",
    "sep_score": 0.3601
  },
  "vc_alternation": {
    "benign": {
      "mean": 0.683289,
      "std": 0.236484,
      "min": 0.0,
      "max": 1.0,
      "p5": 0.25,
      "p25": 0.571429,
      "p50": 0.7,
      "p75": 0.833333,
      "p95": 1.0
    },
    "dga": {
      "mean": 0.476972,
      "std": 0.252531,
      "min": 0.0,
      "max": 1.0,
      "p5": 0.0,
      "p25": 0.285714,
      "p50": 0.473684,
      "p75": 0.666667,
      "p95": 0.9
    },
    "diff_mean": -0.206317,
    "direction": "良性更高",
    "sep_score": 0.8438
  },
  "subdomain_count": {
    "benign": {
      "mean": 0.09916,
      "std": 0.303047,
      "min": 0.0,
      "max": 2.0,
      "p5": 0.0,
      "p25": 0.0,
      "p50": 0.0,
      "p75": 0.0,
      "p95": 1.0
    },
    "dga": {
      "mean": 0.071333,
      "std": 0.258562,
      "min": 0.0,
      "max": 2.0,
      "p5": 0.0,
      "p25": 0.0,
      "p50": 0.0,
      "p75": 0.0,
      "p95": 1.0
    },
    "diff_mean": -0.027827,
    "direction": "良性更高",
    "sep_score": 0.0991
  },
  "has_hyphen": {
    "benign": {
      "mean": 0.082955,
      "std": 0.275814,
      "min": 0.0,
      "max": 1.0,
      "p5": 0.0,
      "p25": 0.0,
      "p50": 0.0,
      "p75": 0.0,
      "p95": 1.0
    },
    "dga": {
      "mean": 0.025083,
      "std": 0.156376,
      "min": 0.0,
      "max": 1.0,
      "p5": 0.0,
      "p25": 0.0,
      "p50": 0.0,
      "p75": 0.0,
      "p95": 0.0
    },
    "diff_mean": -0.057872,
    "direction": "良性更高",
    "sep_score": 0.2678
  },
  "bigram_anomaly": {
    "benign": {
      "mean": 8.564635,
      "std": 1.357133,
      "min": 0.0,
      "max": 18.423762,
      "p5": 6.526298,
      "p25": 7.82304,
      "p50": 8.309275,
      "p75": 8.996673,
      "p95": 11.219191
    },
    "dga": {
      "mean": 10.736779,
      "std": 1.77732,
      "min": 6.163137,
      "max": 17.631281,
      "p5": 8.03308,
      "p25": 9.36905,
      "p50": 10.738025,
      "p75": 11.852795,
      "p95": 13.808706
    },
    "diff_mean": 2.172144,
    "direction": "DGA更高",
    "sep_score": 1.386
  },
  "meaningful_ratio": {
    "benign": {
      "mean": 0.894742,
      "std": 0.182986,
      "min": 0.0,
      "max": 1.0,
      "p5": 0.5,
      "p25": 0.857143,
      "p50": 1.0,
      "p75": 1.0,
      "p95": 1.0
    },
    "dga": {
      "mean": 0.718472,
      "std": 0.245924,
      "min": 0.0,
      "max": 1.0,
      "p5": 0.178571,
      "p25": 0.6,
      "p50": 0.777778,
      "p75": 0.9,
      "p95": 1.0
    },
    "diff_mean": -0.17627,
    "direction": "良性更高",
    "sep_score": 0.8219
  }
}