{
  "domain_length": {
    "mean": 12.848695,
    "std": 3.996372,
    "min": 4.0,
    "max": 75.0,
    "p1": 6.0,
    "p5": 7.0,
    "p25": 10.0,
    "p50": 12.0,
    "p75": 15.0,
    "p95": 20.0,
    "p99": 25.0
  },
  "sld_length": {
    "mean": 8.271135,
    "std": 4.117788,
    "min": 1.0,
    "max": 63.0,
    "p1": 2.0,
    "p5": 3.0,
    "p25": 5.0,
    "p50": 8.0,
    "p75": 11.0,
    "p95": 16.0,
    "p99": 20.0
  },
  "digit_ratio": {
    "mean": 0.02594,
    "std": 0.104503,
    "min": 0.0,
    "max": 1.0,
    "p1": 0.0,
    "p5": 0.0,
    "p25": 0.0,
    "p50": 0.0,
    "p75": 0.0,
    "p95": 0.2,
    "p99": 0.5
  },
  "vowel_ratio": {
    "mean": 0.348513,
    "std": 0.138737,
    "min": 0.0,
    "max": 1.0,
    "p1": 0.0,
    "p5": 0.0,
    "p25": 0.285714,
    "p50": 0.333333,
    "p75": 0.428571,
    "p95": 0.545455,
    "p99": 0.666667
  },
  "consonant_ratio": {
    "mean": 0.617116,
    "std": 0.141652,
    "min": 0.0,
    "max": 1.0,
    "p1": 0.25,
    "p5": 0.4,
    "p25": 0.533333,
    "p50": 0.625,
    "p75": 0.666667,
    "p95": 0.833333,
    "p99": 1.0
  },
  "unique_char_ratio": {
    "mean": 0.850878,
    "std": 0.137441,
    "min": 0.064516,
    "max": 1.0,
    "p1": 0.5,
    "p5": 0.611111,
    "p25": 0.75,
    "p50": 0.857143,
    "p75": 1.0,
    "p95": 1.0,
    "p99": 1.0
  },
  "normalized_entropy": {
    "mean": 0.900906,
    "std": 0.099178,
    "min": -0.0,
    "max": 1.007611,
    "p1": 0.590436,
    "p5": 0.742098,
    "p25": 0.833333,
    "p50": 0.907019,
    "p75": 1.0,
    "p95": 1.0,
    "p99": 1.0
  },
  "max_consonant_run": {
    "mean": 2.316125,
    "std": 1.121468,
    "min": 0.0,
    "max": 21.0,
    "p1": 1.0,
    "p5": 1.0,
    "p25": 2.0,
    "p50": 2.0,
    "p75": 3.0,
    "p95": 4.0,
    "p99": 6.0
  },
  "max_digit_run": {
    "mean": 0.17403,
    "std": 0.689336,
    "min": 0.0,
    "max": 14.0,
    "p1": 0.0,
    "p5": 0.0,
    "p25": 0.0,
    "p50": 0.0,
    "p75": 0.0,
    "p95": 2.0,
    "p99": 3.0
  },
  "vc_alternation": {
    "mean": 0.683289,
    "std": 0.236484,
    "min": 0.0,
    "max": 1.0,
    "p1": 0.0,
    "p5": 0.25,
    "p25": 0.571429,
    "p50": 0.7,
    "p75": 0.833333,
    "p95": 1.0,
    "p99": 1.0
  },
  "subdomain_count": {
    "mean": 0.09916,
    "std": 0.303047,
    "min": 0.0,
    "max": 2.0,
    "p1": 0.0,
    "p5": 0.0,
    "p25": 0.0,
    "p50": 0.0,
    "p75": 0.0,
    "p95": 1.0,
    "p99": 1.0
  },
  "has_hyphen": {
    "mean": 0.082955,
    "std": 0.275814,
    "min": 0.0,
    "max": 1.0,
    "p1": 0.0,
    "p5": 0.0,
    "p25": 0.0,
    "p50": 0.0,
    "p75": 0.0,
    "p95": 1.0,
    "p99": 1.0
  },
  "bigram_anomaly": {
    "mean": 8.564635,
    "std": 1.357133,
    "min": 0.0,
    "max": 18.423762,
    "p1": 6.163137,
    "p5": 6.526298,
    "p25": 7.82304,
    "p50": 8.309275,
    "p75": 8.996673,
    "p95": 11.219191,
    "p99": 13.53635
  },
  "meaningful_ratio": {
    "mean": 0.894742,
    "std": 0.182986,
    "min": 0.0,
    "max": 1.0,
    "p1": 0.0,
    "p5": 0.5,
    "p25": 0.857143,
    "p50": 1.0,
    "p75": 1.0,
    "p95": 1.0,
    "p99": 1.0
  }
}